,feature_type_1,feature_type_2,feature_type_3,prediction
./static/username/query/all_chips/cropX_0_Y_0.jpg,1.0,0.0,0.0,feature_type_1
./static/username/query/all_chips/cropX_0_Y_1.jpg,1.0,0.0,0.0,feature_type_1
./static/username/query/all_chips/cropX_0_Y_10.jpg,0.0,1.0,0.0,feature_type_2
./static/username/query/all_chips/cropX_0_Y_11.jpg,0.0,1.0,0.0,feature_type_2
./static/username/query/all_chips/cropX_0_Y_12.jpg,0.0,1.0,0.0,feature_type_2
./static/username/query/all_chips/cropX_0_Y_13.jpg,0.0,1.0,0.0,feature_type_2
./static/username/query/all_chips/cropX_0_Y_14.jpg,0.0,1.0,0.0,feature_type_2
./static/username/query/all_chips/cropX_0_Y_15.jpg,0.0,1.0,0.0,feature_type_2
./static/username/query/all_chips/cropX_0_Y_16.jpg,0.0,1.0,0.0,feature_type_2
./static/username/query/all_chips/cropX_0_Y_17.jpg,0.0,1.0,0.0,feature_type_2
./static/username/query/all_chips/cropX_0_Y_18.jpg,0.0,0.0,1.0,feature_type_3
./static/username/query/all_chips/cropX_0_Y_19.jpg,0.0,0.0,1.0,feature_type_3
./static/username/query/all_chips/cropX_0_Y_2.jpg,1.0,0.0,0.0,feature_type_1
./static/username/query/all_chips/cropX_0_Y_20.jpg,0.0,0.0,1.0,feature_type_3
./static/username/query/all_chips/cropX_0_Y_21.jpg,0.0,0.0,1.0,feature_type_3
./static/username/query/all_chips/cropX_0_Y_22.jpg,0.0,0.0,1.0,feature_type_3
./static/username/query/all_chips/cropX_0_Y_23.jpg,0.0,0.0,1.0,feature_type_3
./static/username/query/all_chips/cropX_0_Y_24.jpg,0.0,0.0,1.0,feature_type_3
./static/username/query/all_chips/cropX_0_Y_25.jpg,0.0,1.0,0.0,feature_type_2
./static/username/query/all_chips/cropX_0_Y_26.jpg,0.0,1.0,0.0,feature_type_2
./static/username/query/all_chips/cropX_0_Y_3.jpg,1.0,0.0,0.0,feature_type_1
./static/username/query/all_chips/cropX_0_Y_4.jpg,1.0,0.0,0.0,feature_type_1
./static/username/query/all_chips/cropX_0_Y_5.jpg,0.0,1.0,0.0,feature_type_2
./static/username/query/all_chips/cropX_0_Y_6.jpg,0.0,1.0,0.0,feature_type_2
./static/username/query/all_chips/cropX_0_Y_7.jpg,0.0,1.0,0.0,feature_type_2
./static/username/query/all_chips/cropX_0_Y_8.jpg,0.0,1.0,0.0,feature_type_2
./static/username/query/all_chips/cropX_0_Y_9.jpg,0.0,1.0,0.0,feature_type_2
./static/username/query/all_chips/cropX_10_Y_0.jpg,1.0,0.0,0.0,feature_type_1
./static/username/query/all_chips/cropX_10_Y_1.jpg,1.0,0.0,0.0,feature_type_1
./static/username/query/all_chips/cropX_10_Y_10.jpg,0.0,1.0,0.0,feature_type_2
./static/username/query/all_chips/cropX_10_Y_11.jpg,0.0,1.0,0.0,feature_type_2
./static/username/query/all_chips/cropX_10_Y_12.jpg,0.0,1.0,0.0,feature_type_2
./static/username/query/all_chips/cropX_10_Y_13.jpg,0.0,1.0,0.0,feature_type_2
./static/username/query/all_chips/cropX_10_Y_14.jpg,0.0,1.0,0.0,feature_type_2
./static/username/query/all_chips/cropX_10_Y_15.jpg,0.0,1.0,0.0,feature_type_2
./static/username/query/all_chips/cropX_10_Y_16.jpg,0.0,1.0,0.0,feature_type_2
./static/username/query/all_chips/cropX_10_Y_17.jpg,0.0,1.0,0.0,feature_type_2
./static/username/query/all_chips/cropX_10_Y_18.jpg,0.0,0.0,1.0,feature_type_3
./static/username/query/all_chips/cropX_10_Y_19.jpg,0.0,0.0,1.0,feature_type_3
./static/username/query/all_chips/cropX_10_Y_2.jpg,1.0,0.0,0.0,feature_type_1
./static/username/query/all_chips/cropX_10_Y_20.jpg,0.0,0.0,1.0,feature_type_3
./static/username/query/all_chips/cropX_10_Y_21.jpg,0.0,0.0,1.0,feature_type_3
./static/username/query/all_chips/cropX_10_Y_22.jpg,0.0,0.0,1.0,feature_type_3
./static/username/query/all_chips/cropX_10_Y_23.jpg,0.0,0.0,1.0,feature_type_3
./static/username/query/all_chips/cropX_10_Y_24.jpg,0.0,0.0,1.0,feature_type_3
./static/username/query/all_chips/cropX_10_Y_25.jpg,0.0,0.0,1.0,feature_type_3
./static/username/query/all_chips/cropX_10_Y_26.jpg,0.0,0.0,1.0,feature_type_3
./static/username/query/all_chips/cropX_10_Y_3.jpg,1.0,0.0,0.0,feature_type_1
./static/username/query/all_chips/cropX_10_Y_4.jpg,1.0,0.0,0.0,feature_type_1
./static/username/query/all_chips/cropX_10_Y_5.jpg,1.0,0.0,0.0,feature_type_1
./static/username/query/all_chips/cropX_10_Y_6.jpg,0.0,1.0,0.0,feature_type_2
./static/username/query/all_chips/cropX_10_Y_7.jpg,0.0,1.0,0.0,feature_type_2
./static/username/query/all_chips/cropX_10_Y_8.jpg,0.0,1.0,0.0,feature_type_2
./static/username/query/all_chips/cropX_10_Y_9.jpg,0.0,1.0,0.0,feature_type_2
./static/username/query/all_chips/cropX_11_Y_0.jpg,1.0,0.0,0.0,feature_type_1
./static/username/query/all_chips/cropX_11_Y_1.jpg,1.0,0.0,0.0,feature_type_1
./static/username/query/all_chips/cropX_11_Y_10.jpg,0.0,1.0,0.0,feature_type_2
./static/username/query/all_chips/cropX_11_Y_11.jpg,0.0,1.0,0.0,feature_type_2
./static/username/query/all_chips/cropX_11_Y_12.jpg,0.0,1.0,0.0,feature_type_2
./static/username/query/all_chips/cropX_11_Y_13.jpg,0.0,1.0,0.0,feature_type_2
./static/username/query/all_chips/cropX_11_Y_14.jpg,0.0,1.0,0.0,feature_type_2
./static/username/query/all_chips/cropX_11_Y_15.jpg,0.0,1.0,0.0,feature_type_2
./static/username/query/all_chips/cropX_11_Y_16.jpg,0.0,1.0,0.0,feature_type_2
./static/username/query/all_chips/cropX_11_Y_17.jpg,0.0,1.0,0.0,feature_type_2
./static/username/query/all_chips/cropX_11_Y_18.jpg,0.0,0.0,1.0,feature_type_3
./static/username/query/all_chips/cropX_11_Y_19.jpg,0.0,0.0,1.0,feature_type_3
./static/username/query/all_chips/cropX_11_Y_2.jpg,1.0,0.0,0.0,feature_type_1
./static/username/query/all_chips/cropX_11_Y_20.jpg,0.0,0.0,1.0,feature_type_3
./static/username/query/all_chips/cropX_11_Y_21.jpg,0.0,0.0,1.0,feature_type_3
./static/username/query/all_chips/cropX_11_Y_22.jpg,0.0,0.0,1.0,feature_type_3
./static/username/query/all_chips/cropX_11_Y_23.jpg,0.0,0.0,1.0,feature_type_3
./static/username/query/all_chips/cropX_11_Y_24.jpg,0.0,0.0,1.0,feature_type_3
./static/username/query/all_chips/cropX_11_Y_25.jpg,0.0,0.0,1.0,feature_type_3
./static/username/query/all_chips/cropX_11_Y_26.jpg,0.0,0.0,1.0,feature_type_3
./static/username/query/all_chips/cropX_11_Y_3.jpg,1.0,0.0,0.0,feature_type_1
./static/username/query/all_chips/cropX_11_Y_4.jpg,1.0,0.0,0.0,feature_type_1
./static/username/query/all_chips/cropX_11_Y_5.jpg,1.0,0.0,0.0,feature_type_1
./static/username/query/all_chips/cropX_11_Y_6.jpg,1.0,0.0,0.0,feature_type_1
./static/username/query/all_chips/cropX_11_Y_7.jpg,0.0,1.0,0.0,feature_type_2
./static/username/query/all_chips/cropX_11_Y_8.jpg,0.0,1.0,0.0,feature_type_2
./static/username/query/all_chips/cropX_11_Y_9.jpg,0.0,1.0,0.0,feature_type_2
./static/username/query/all_chips/cropX_12_Y_0.jpg,1.0,0.0,0.0,feature_type_1
./static/username/query/all_chips/cropX_12_Y_1.jpg,1.0,0.0,0.0,feature_type_1
./static/username/query/all_chips/cropX_12_Y_10.jpg,0.0,1.0,0.0,feature_type_2
./static/username/query/all_chips/cropX_12_Y_11.jpg,0.0,1.0,0.0,feature_type_2
./static/username/query/all_chips/cropX_12_Y_12.jpg,0.0,1.0,0.0,feature_type_2
./static/username/query/all_chips/cropX_12_Y_13.jpg,0.0,1.0,0.0,feature_type_2
./static/username/query/all_chips/cropX_12_Y_14.jpg,0.0,1.0,0.0,feature_type_2
./static/username/query/all_chips/cropX_12_Y_15.jpg,0.0,1.0,0.0,feature_type_2
./static/username/query/all_chips/cropX_12_Y_16.jpg,0.0,1.0,0.0,feature_type_2
./static/username/query/all_chips/cropX_12_Y_17.jpg,0.0,1.0,0.0,feature_type_2
./static/username/query/all_chips/cropX_12_Y_18.jpg,0.0,0.0,1.0,feature_type_3
./static/username/query/all_chips/cropX_12_Y_19.jpg,0.0,0.0,1.0,feature_type_3
./static/username/query/all_chips/cropX_12_Y_2.jpg,1.0,0.0,0.0,feature_type_1
./static/username/query/all_chips/cropX_12_Y_20.jpg,0.0,0.0,1.0,feature_type_3
./static/username/query/all_chips/cropX_12_Y_21.jpg,0.0,0.0,1.0,feature_type_3
./static/username/query/all_chips/cropX_12_Y_22.jpg,0.0,0.0,1.0,feature_type_3
./static/username/query/all_chips/cropX_12_Y_23.jpg,0.0,0.0,1.0,feature_type_3
./static/username/query/all_chips/cropX_12_Y_24.jpg,0.0,0.0,1.0,feature_type_3
./static/username/query/all_chips/cropX_12_Y_25.jpg,0.0,0.0,1.0,feature_type_3
./static/username/query/all_chips/cropX_12_Y_26.jpg,0.0,0.0,1.0,feature_type_3
./static/username/query/all_chips/cropX_12_Y_3.jpg,1.0,0.0,0.0,feature_type_1
./static/username/query/all_chips/cropX_12_Y_4.jpg,1.0,0.0,0.0,feature_type_1
./static/username/query/all_chips/cropX_12_Y_5.jpg,1.0,0.0,0.0,feature_type_1
./static/username/query/all_chips/cropX_12_Y_6.jpg,1.0,0.0,0.0,feature_type_1
./static/username/query/all_chips/cropX_12_Y_7.jpg,1.0,0.0,0.0,feature_type_1
./static/username/query/all_chips/cropX_12_Y_8.jpg,0.0,1.0,0.0,feature_type_2
./static/username/query/all_chips/cropX_12_Y_9.jpg,0.0,1.0,0.0,feature_type_2
./static/username/query/all_chips/cropX_13_Y_0.jpg,1.0,0.0,0.0,feature_type_1
./static/username/query/all_chips/cropX_13_Y_1.jpg,1.0,0.0,0.0,feature_type_1
./static/username/query/all_chips/cropX_13_Y_10.jpg,0.0,1.0,0.0,feature_type_2
./static/username/query/all_chips/cropX_13_Y_11.jpg,0.0,1.0,0.0,feature_type_2
./static/username/query/all_chips/cropX_13_Y_12.jpg,0.0,1.0,0.0,feature_type_2
./static/username/query/all_chips/cropX_13_Y_13.jpg,0.0,1.0,0.0,feature_type_2
./static/username/query/all_chips/cropX_13_Y_14.jpg,0.0,1.0,0.0,feature_type_2
./static/username/query/all_chips/cropX_13_Y_15.jpg,0.0,1.0,0.0,feature_type_2
./static/username/query/all_chips/cropX_13_Y_16.jpg,0.0,1.0,0.0,feature_type_2
./static/username/query/all_chips/cropX_13_Y_17.jpg,0.0,1.0,0.0,feature_type_2
./static/username/query/all_chips/cropX_13_Y_18.jpg,0.0,0.0,1.0,feature_type_3
./static/username/query/all_chips/cropX_13_Y_19.jpg,0.0,0.0,1.0,feature_type_3
./static/username/query/all_chips/cropX_13_Y_2.jpg,1.0,0.0,0.0,feature_type_1
./static/username/query/all_chips/cropX_13_Y_20.jpg,0.0,0.0,1.0,feature_type_3
./static/username/query/all_chips/cropX_13_Y_21.jpg,0.0,0.0,1.0,feature_type_3
./static/username/query/all_chips/cropX_13_Y_22.jpg,0.0,0.0,1.0,feature_type_3
./static/username/query/all_chips/cropX_13_Y_23.jpg,0.0,0.0,1.0,feature_type_3
./static/username/query/all_chips/cropX_13_Y_24.jpg,0.0,0.0,1.0,feature_type_3
./static/username/query/all_chips/cropX_13_Y_25.jpg,0.0,0.0,1.0,feature_type_3
./static/username/query/all_chips/cropX_13_Y_26.jpg,0.0,0.0,1.0,feature_type_3
./static/username/query/all_chips/cropX_13_Y_3.jpg,1.0,0.0,0.0,feature_type_1
./static/username/query/all_chips/cropX_13_Y_4.jpg,1.0,0.0,0.0,feature_type_1
./static/username/query/all_chips/cropX_13_Y_5.jpg,1.0,0.0,0.0,feature_type_1
./static/username/query/all_chips/cropX_13_Y_6.jpg,1.0,0.0,0.0,feature_type_1
./static/username/query/all_chips/cropX_13_Y_7.jpg,1.0,0.0,0.0,feature_type_1
./static/username/query/all_chips/cropX_13_Y_8.jpg,1.0,0.0,0.0,feature_type_1
./static/username/query/all_chips/cropX_13_Y_9.jpg,1.0,0.0,0.0,feature_type_1
./static/username/query/all_chips/cropX_14_Y_0.jpg,1.0,0.0,0.0,feature_type_1
./static/username/query/all_chips/cropX_14_Y_1.jpg,1.0,0.0,0.0,feature_type_1
./static/username/query/all_chips/cropX_14_Y_10.jpg,0.0,1.0,0.0,feature_type_2
./static/username/query/all_chips/cropX_14_Y_11.jpg,0.0,1.0,0.0,feature_type_2
./static/username/query/all_chips/cropX_14_Y_12.jpg,0.0,1.0,0.0,feature_type_2
./static/username/query/all_chips/cropX_14_Y_13.jpg,0.0,1.0,0.0,feature_type_2
./static/username/query/all_chips/cropX_14_Y_14.jpg,0.0,1.0,0.0,feature_type_2
./static/username/query/all_chips/cropX_14_Y_15.jpg,0.0,1.0,0.0,feature_type_2
./static/username/query/all_chips/cropX_14_Y_16.jpg,0.0,1.0,0.0,feature_type_2
./static/username/query/all_chips/cropX_14_Y_17.jpg,0.0,1.0,0.0,feature_type_2
./static/username/query/all_chips/cropX_14_Y_18.jpg,0.0,0.0,1.0,feature_type_3
./static/username/query/all_chips/cropX_14_Y_19.jpg,0.0,0.0,1.0,feature_type_3
./static/username/query/all_chips/cropX_14_Y_2.jpg,1.0,0.0,0.0,feature_type_1
./static/username/query/all_chips/cropX_14_Y_20.jpg,0.0,0.0,1.0,feature_type_3
./static/username/query/all_chips/cropX_14_Y_21.jpg,0.0,0.0,1.0,feature_type_3
./static/username/query/all_chips/cropX_14_Y_22.jpg,0.0,0.0,1.0,feature_type_3
./static/username/query/all_chips/cropX_14_Y_23.jpg,0.0,0.0,1.0,feature_type_3
./static/username/query/all_chips/cropX_14_Y_24.jpg,0.0,0.0,1.0,feature_type_3
./static/username/query/all_chips/cropX_14_Y_25.jpg,0.0,0.0,1.0,feature_type_3
./static/username/query/all_chips/cropX_14_Y_26.jpg,0.0,0.0,1.0,feature_type_3
./static/username/query/all_chips/cropX_14_Y_3.jpg,1.0,0.0,0.0,feature_type_1
./static/username/query/all_chips/cropX_14_Y_4.jpg,1.0,0.0,0.0,feature_type_1
./static/username/query/all_chips/cropX_14_Y_5.jpg,1.0,0.0,0.0,feature_type_1
./static/username/query/all_chips/cropX_14_Y_6.jpg,1.0,0.0,0.0,feature_type_1
./static/username/query/all_chips/cropX_14_Y_7.jpg,1.0,0.0,0.0,feature_type_1
./static/username/query/all_chips/cropX_14_Y_8.jpg,0.0,1.0,0.0,feature_type_2
./static/username/query/all_chips/cropX_14_Y_9.jpg,0.0,1.0,0.0,feature_type_2
./static/username/query/all_chips/cropX_15_Y_0.jpg,1.0,0.0,0.0,feature_type_1
./static/username/query/all_chips/cropX_15_Y_1.jpg,1.0,0.0,0.0,feature_type_1
./static/username/query/all_chips/cropX_15_Y_10.jpg,0.0,1.0,0.0,feature_type_2
./static/username/query/all_chips/cropX_15_Y_11.jpg,0.0,1.0,0.0,feature_type_2
./static/username/query/all_chips/cropX_15_Y_12.jpg,0.0,1.0,0.0,feature_type_2
./static/username/query/all_chips/cropX_15_Y_13.jpg,0.0,1.0,0.0,feature_type_2
./static/username/query/all_chips/cropX_15_Y_14.jpg,0.0,1.0,0.0,feature_type_2
./static/username/query/all_chips/cropX_15_Y_15.jpg,0.0,1.0,0.0,feature_type_2
./static/username/query/all_chips/cropX_15_Y_16.jpg,0.0,1.0,0.0,feature_type_2
./static/username/query/all_chips/cropX_15_Y_17.jpg,0.0,1.0,0.0,feature_type_2
./static/username/query/all_chips/cropX_15_Y_18.jpg,0.0,0.0,1.0,feature_type_3
./static/username/query/all_chips/cropX_15_Y_19.jpg,0.0,0.0,1.0,feature_type_3
./static/username/query/all_chips/cropX_15_Y_2.jpg,1.0,0.0,0.0,feature_type_1
./static/username/query/all_chips/cropX_15_Y_20.jpg,0.0,0.0,1.0,feature_type_3
./static/username/query/all_chips/cropX_15_Y_21.jpg,0.0,0.0,1.0,feature_type_3
./static/username/query/all_chips/cropX_15_Y_22.jpg,0.0,0.0,1.0,feature_type_3
./static/username/query/all_chips/cropX_15_Y_23.jpg,0.0,0.0,1.0,feature_type_3
./static/username/query/all_chips/cropX_15_Y_24.jpg,0.0,0.0,1.0,feature_type_3
./static/username/query/all_chips/cropX_15_Y_25.jpg,0.0,0.0,1.0,feature_type_3
./static/username/query/all_chips/cropX_15_Y_26.jpg,0.0,0.0,1.0,feature_type_3
./static/username/query/all_chips/cropX_15_Y_3.jpg,1.0,0.0,0.0,feature_type_1
./static/username/query/all_chips/cropX_15_Y_4.jpg,1.0,0.0,0.0,feature_type_1
./static/username/query/all_chips/cropX_15_Y_5.jpg,1.0,0.0,0.0,feature_type_1
./static/username/query/all_chips/cropX_15_Y_6.jpg,1.0,0.0,0.0,feature_type_1
./static/username/query/all_chips/cropX_15_Y_7.jpg,1.0,0.0,0.0,feature_type_1
./static/username/query/all_chips/cropX_15_Y_8.jpg,1.0,0.0,0.0,feature_type_1
./static/username/query/all_chips/cropX_15_Y_9.jpg,0.0,1.0,0.0,feature_type_2
./static/username/query/all_chips/cropX_16_Y_0.jpg,1.0,0.0,0.0,feature_type_1
./static/username/query/all_chips/cropX_16_Y_1.jpg,1.0,0.0,0.0,feature_type_1
./static/username/query/all_chips/cropX_16_Y_10.jpg,0.0,1.0,0.0,feature_type_2
./static/username/query/all_chips/cropX_16_Y_11.jpg,0.0,1.0,0.0,feature_type_2
./static/username/query/all_chips/cropX_16_Y_12.jpg,0.0,1.0,0.0,feature_type_2
./static/username/query/all_chips/cropX_16_Y_13.jpg,0.0,1.0,0.0,feature_type_2
./static/username/query/all_chips/cropX_16_Y_14.jpg,0.0,1.0,0.0,feature_type_2
./static/username/query/all_chips/cropX_16_Y_15.jpg,0.0,1.0,0.0,feature_type_2
./static/username/query/all_chips/cropX_16_Y_16.jpg,0.0,1.0,0.0,feature_type_2
./static/username/query/all_chips/cropX_16_Y_17.jpg,0.0,1.0,0.0,feature_type_2
./static/username/query/all_chips/cropX_16_Y_18.jpg,0.0,0.0,1.0,feature_type_3
./static/username/query/all_chips/cropX_16_Y_19.jpg,0.0,0.0,1.0,feature_type_3
./static/username/query/all_chips/cropX_16_Y_2.jpg,1.0,0.0,0.0,feature_type_1
./static/username/query/all_chips/cropX_16_Y_20.jpg,0.0,0.0,1.0,feature_type_3
./static/username/query/all_chips/cropX_16_Y_21.jpg,0.0,0.0,1.0,feature_type_3
./static/username/query/all_chips/cropX_16_Y_22.jpg,0.0,0.0,1.0,feature_type_3
./static/username/query/all_chips/cropX_16_Y_23.jpg,0.0,0.0,1.0,feature_type_3
./static/username/query/all_chips/cropX_16_Y_24.jpg,0.0,0.0,1.0,feature_type_3
./static/username/query/all_chips/cropX_16_Y_25.jpg,0.0,0.0,1.0,feature_type_3
./static/username/query/all_chips/cropX_16_Y_26.jpg,0.0,0.0,1.0,feature_type_3
./static/username/query/all_chips/cropX_16_Y_3.jpg,1.0,0.0,0.0,feature_type_1
./static/username/query/all_chips/cropX_16_Y_4.jpg,1.0,0.0,0.0,feature_type_1
./static/username/query/all_chips/cropX_16_Y_5.jpg,1.0,0.0,0.0,feature_type_1
./static/username/query/all_chips/cropX_16_Y_6.jpg,1.0,0.0,0.0,feature_type_1
./static/username/query/all_chips/cropX_16_Y_7.jpg,1.0,0.0,0.0,feature_type_1
./static/username/query/all_chips/cropX_16_Y_8.jpg,0.0,1.0,0.0,feature_type_2
./static/username/query/all_chips/cropX_16_Y_9.jpg,0.0,1.0,0.0,feature_type_2
./static/username/query/all_chips/cropX_17_Y_0.jpg,1.0,0.0,0.0,feature_type_1
./static/username/query/all_chips/cropX_17_Y_1.jpg,1.0,0.0,0.0,feature_type_1
./static/username/query/all_chips/cropX_17_Y_10.jpg,0.0,1.0,0.0,feature_type_2
./static/username/query/all_chips/cropX_17_Y_11.jpg,0.0,1.0,0.0,feature_type_2
./static/username/query/all_chips/cropX_17_Y_12.jpg,0.0,1.0,0.0,feature_type_2
./static/username/query/all_chips/cropX_17_Y_13.jpg,0.0,1.0,0.0,feature_type_2
./static/username/query/all_chips/cropX_17_Y_14.jpg,0.0,1.0,0.0,feature_type_2
./static/username/query/all_chips/cropX_17_Y_15.jpg,0.0,1.0,0.0,feature_type_2
./static/username/query/all_chips/cropX_17_Y_16.jpg,0.0,1.0,0.0,feature_type_2
./static/username/query/all_chips/cropX_17_Y_17.jpg,0.0,1.0,0.0,feature_type_2
./static/username/query/all_chips/cropX_17_Y_18.jpg,0.0,0.0,1.0,feature_type_3
./static/username/query/all_chips/cropX_17_Y_19.jpg,0.0,0.0,1.0,feature_type_3
./static/username/query/all_chips/cropX_17_Y_2.jpg,1.0,0.0,0.0,feature_type_1
./static/username/query/all_chips/cropX_17_Y_20.jpg,0.0,0.0,1.0,feature_type_3
./static/username/query/all_chips/cropX_17_Y_21.jpg,0.0,0.0,1.0,feature_type_3
./static/username/query/all_chips/cropX_17_Y_22.jpg,0.0,0.0,1.0,feature_type_3
./static/username/query/all_chips/cropX_17_Y_23.jpg,0.0,0.0,1.0,feature_type_3
./static/username/query/all_chips/cropX_17_Y_24.jpg,0.0,0.0,1.0,feature_type_3
./static/username/query/all_chips/cropX_17_Y_25.jpg,0.0,0.0,1.0,feature_type_3
./static/username/query/all_chips/cropX_17_Y_26.jpg,0.0,0.0,1.0,feature_type_3
./static/username/query/all_chips/cropX_17_Y_3.jpg,1.0,0.0,0.0,feature_type_1
./static/username/query/all_chips/cropX_17_Y_4.jpg,1.0,0.0,0.0,feature_type_1
./static/username/query/all_chips/cropX_17_Y_5.jpg,1.0,0.0,0.0,feature_type_1
./static/username/query/all_chips/cropX_17_Y_6.jpg,1.0,0.0,0.0,feature_type_1
./static/username/query/all_chips/cropX_17_Y_7.jpg,1.0,0.0,0.0,feature_type_1
./static/username/query/all_chips/cropX_17_Y_8.jpg,0.0,1.0,0.0,feature_type_2
./static/username/query/all_chips/cropX_17_Y_9.jpg,0.0,1.0,0.0,feature_type_2
./static/username/query/all_chips/cropX_18_Y_0.jpg,1.0,0.0,0.0,feature_type_1
./static/username/query/all_chips/cropX_18_Y_1.jpg,1.0,0.0,0.0,feature_type_1
./static/username/query/all_chips/cropX_18_Y_10.jpg,0.0,1.0,0.0,feature_type_2
./static/username/query/all_chips/cropX_18_Y_11.jpg,0.0,1.0,0.0,feature_type_2
./static/username/query/all_chips/cropX_18_Y_12.jpg,0.0,1.0,0.0,feature_type_2
./static/username/query/all_chips/cropX_18_Y_13.jpg,0.0,1.0,0.0,feature_type_2
./static/username/query/all_chips/cropX_18_Y_14.jpg,0.0,1.0,0.0,feature_type_2
./static/username/query/all_chips/cropX_18_Y_15.jpg,0.0,1.0,0.0,feature_type_2
./static/username/query/all_chips/cropX_18_Y_16.jpg,0.0,1.0,0.0,feature_type_2
./static/username/query/all_chips/cropX_18_Y_17.jpg,0.0,1.0,0.0,feature_type_2
./static/username/query/all_chips/cropX_18_Y_18.jpg,0.0,0.0,1.0,feature_type_3
./static/username/query/all_chips/cropX_18_Y_19.jpg,0.0,0.0,1.0,feature_type_3
./static/username/query/all_chips/cropX_18_Y_2.jpg,1.0,0.0,0.0,feature_type_1
./static/username/query/all_chips/cropX_18_Y_20.jpg,0.0,0.0,1.0,feature_type_3
./static/username/query/all_chips/cropX_18_Y_21.jpg,0.0,0.0,1.0,feature_type_3
./static/username/query/all_chips/cropX_18_Y_22.jpg,0.0,0.0,1.0,feature_type_3
./static/username/query/all_chips/cropX_18_Y_23.jpg,0.0,0.0,1.0,feature_type_3
./static/username/query/all_chips/cropX_18_Y_24.jpg,0.0,0.0,1.0,feature_type_3
./static/username/query/all_chips/cropX_18_Y_25.jpg,0.0,0.0,1.0,feature_type_3
./static/username/query/all_chips/cropX_18_Y_26.jpg,0.0,0.0,1.0,feature_type_3
./static/username/query/all_chips/cropX_18_Y_3.jpg,1.0,0.0,0.0,feature_type_1
./static/username/query/all_chips/cropX_18_Y_4.jpg,1.0,0.0,0.0,feature_type_1
./static/username/query/all_chips/cropX_18_Y_5.jpg,1.0,0.0,0.0,feature_type_1
./static/username/query/all_chips/cropX_18_Y_6.jpg,1.0,0.0,0.0,feature_type_1
./static/username/query/all_chips/cropX_18_Y_7.jpg,0.0,1.0,0.0,feature_type_2
./static/username/query/all_chips/cropX_18_Y_8.jpg,0.0,1.0,0.0,feature_type_2
./static/username/query/all_chips/cropX_18_Y_9.jpg,0.0,1.0,0.0,feature_type_2
./static/username/query/all_chips/cropX_19_Y_0.jpg,1.0,0.0,0.0,feature_type_1
./static/username/query/all_chips/cropX_19_Y_1.jpg,1.0,0.0,0.0,feature_type_1
./static/username/query/all_chips/cropX_19_Y_10.jpg,0.0,1.0,0.0,feature_type_2
./static/username/query/all_chips/cropX_19_Y_11.jpg,0.0,1.0,0.0,feature_type_2
./static/username/query/all_chips/cropX_19_Y_12.jpg,0.0,1.0,0.0,feature_type_2
./static/username/query/all_chips/cropX_19_Y_13.jpg,0.0,1.0,0.0,feature_type_2
./static/username/query/all_chips/cropX_19_Y_14.jpg,0.0,1.0,0.0,feature_type_2
./static/username/query/all_chips/cropX_19_Y_15.jpg,0.0,1.0,0.0,feature_type_2
./static/username/query/all_chips/cropX_19_Y_16.jpg,0.0,1.0,0.0,feature_type_2
./static/username/query/all_chips/cropX_19_Y_17.jpg,0.0,1.0,0.0,feature_type_2
./static/username/query/all_chips/cropX_19_Y_18.jpg,0.0,0.0,1.0,feature_type_3
./static/username/query/all_chips/cropX_19_Y_19.jpg,0.0,0.0,1.0,feature_type_3
./static/username/query/all_chips/cropX_19_Y_2.jpg,1.0,0.0,0.0,feature_type_1
./static/username/query/all_chips/cropX_19_Y_20.jpg,0.0,0.0,1.0,feature_type_3
./static/username/query/all_chips/cropX_19_Y_21.jpg,0.0,0.0,1.0,feature_type_3
./static/username/query/all_chips/cropX_19_Y_22.jpg,0.0,0.0,1.0,feature_type_3
./static/username/query/all_chips/cropX_19_Y_23.jpg,0.0,0.0,1.0,feature_type_3
./static/username/query/all_chips/cropX_19_Y_24.jpg,0.0,0.0,1.0,feature_type_3
./static/username/query/all_chips/cropX_19_Y_25.jpg,0.0,0.0,1.0,feature_type_3
./static/username/query/all_chips/cropX_19_Y_26.jpg,0.0,0.0,1.0,feature_type_3
./static/username/query/all_chips/cropX_19_Y_3.jpg,1.0,0.0,0.0,feature_type_1
./static/username/query/all_chips/cropX_19_Y_4.jpg,1.0,0.0,0.0,feature_type_1
./static/username/query/all_chips/cropX_19_Y_5.jpg,1.0,0.0,0.0,feature_type_1
./static/username/query/all_chips/cropX_19_Y_6.jpg,1.0,0.0,0.0,feature_type_1
./static/username/query/all_chips/cropX_19_Y_7.jpg,0.0,1.0,0.0,feature_type_2
./static/username/query/all_chips/cropX_19_Y_8.jpg,0.0,1.0,0.0,feature_type_2
./static/username/query/all_chips/cropX_19_Y_9.jpg,0.0,1.0,0.0,feature_type_2
./static/username/query/all_chips/cropX_1_Y_0.jpg,1.0,0.0,0.0,feature_type_1
./static/username/query/all_chips/cropX_1_Y_1.jpg,1.0,0.0,0.0,feature_type_1
./static/username/query/all_chips/cropX_1_Y_10.jpg,0.0,1.0,0.0,feature_type_2
./static/username/query/all_chips/cropX_1_Y_11.jpg,0.0,1.0,0.0,feature_type_2
./static/username/query/all_chips/cropX_1_Y_12.jpg,0.0,1.0,0.0,feature_type_2
./static/username/query/all_chips/cropX_1_Y_13.jpg,0.0,1.0,0.0,feature_type_2
./static/username/query/all_chips/cropX_1_Y_14.jpg,0.0,1.0,0.0,feature_type_2
./static/username/query/all_chips/cropX_1_Y_15.jpg,0.0,1.0,0.0,feature_type_2
./static/username/query/all_chips/cropX_1_Y_16.jpg,0.0,1.0,0.0,feature_type_2
./static/username/query/all_chips/cropX_1_Y_17.jpg,0.0,1.0,0.0,feature_type_2
./static/username/query/all_chips/cropX_1_Y_18.jpg,0.0,0.0,1.0,feature_type_3
./static/username/query/all_chips/cropX_1_Y_19.jpg,0.0,0.0,1.0,feature_type_3
./static/username/query/all_chips/cropX_1_Y_2.jpg,1.0,0.0,0.0,feature_type_1
./static/username/query/all_chips/cropX_1_Y_20.jpg,0.0,0.0,1.0,feature_type_3
./static/username/query/all_chips/cropX_1_Y_21.jpg,0.0,0.0,1.0,feature_type_3
./static/username/query/all_chips/cropX_1_Y_22.jpg,0.0,0.0,1.0,feature_type_3
./static/username/query/all_chips/cropX_1_Y_23.jpg,0.0,0.0,1.0,feature_type_3
./static/username/query/all_chips/cropX_1_Y_24.jpg,0.0,0.0,1.0,feature_type_3
./static/username/query/all_chips/cropX_1_Y_25.jpg,0.0,1.0,0.0,feature_type_2
./static/username/query/all_chips/cropX_1_Y_26.jpg,0.0,1.0,0.0,feature_type_2
./static/username/query/all_chips/cropX_1_Y_3.jpg,1.0,0.0,0.0,feature_type_1
./static/username/query/all_chips/cropX_1_Y_4.jpg,1.0,0.0,0.0,feature_type_1
./static/username/query/all_chips/cropX_1_Y_5.jpg,0.0,1.0,0.0,feature_type_2
./static/username/query/all_chips/cropX_1_Y_6.jpg,0.0,1.0,0.0,feature_type_2
./static/username/query/all_chips/cropX_1_Y_7.jpg,0.0,1.0,0.0,feature_type_2
./static/username/query/all_chips/cropX_1_Y_8.jpg,0.0,1.0,0.0,feature_type_2
./static/username/query/all_chips/cropX_1_Y_9.jpg,0.0,1.0,0.0,feature_type_2
./static/username/query/all_chips/cropX_20_Y_0.jpg,1.0,0.0,0.0,feature_type_1
./static/username/query/all_chips/cropX_20_Y_1.jpg,1.0,0.0,0.0,feature_type_1
./static/username/query/all_chips/cropX_20_Y_10.jpg,0.0,1.0,0.0,feature_type_2
./static/username/query/all_chips/cropX_20_Y_11.jpg,0.0,1.0,0.0,feature_type_2
./static/username/query/all_chips/cropX_20_Y_12.jpg,0.0,1.0,0.0,feature_type_2
./static/username/query/all_chips/cropX_20_Y_13.jpg,0.0,1.0,0.0,feature_type_2
./static/username/query/all_chips/cropX_20_Y_14.jpg,0.0,1.0,0.0,feature_type_2
./static/username/query/all_chips/cropX_20_Y_15.jpg,0.0,1.0,0.0,feature_type_2
./static/username/query/all_chips/cropX_20_Y_16.jpg,0.0,1.0,0.0,feature_type_2
./static/username/query/all_chips/cropX_20_Y_17.jpg,0.0,1.0,0.0,feature_type_2
./static/username/query/all_chips/cropX_20_Y_18.jpg,0.0,0.0,1.0,feature_type_3
./static/username/query/all_chips/cropX_20_Y_19.jpg,0.0,0.0,1.0,feature_type_3
./static/username/query/all_chips/cropX_20_Y_2.jpg,1.0,0.0,0.0,feature_type_1
./static/username/query/all_chips/cropX_20_Y_20.jpg,0.0,0.0,1.0,feature_type_3
./static/username/query/all_chips/cropX_20_Y_21.jpg,0.0,0.0,1.0,feature_type_3
./static/username/query/all_chips/cropX_20_Y_22.jpg,0.0,0.0,1.0,feature_type_3
./static/username/query/all_chips/cropX_20_Y_23.jpg,0.0,0.0,1.0,feature_type_3
./static/username/query/all_chips/cropX_20_Y_24.jpg,0.0,0.0,1.0,feature_type_3
./static/username/query/all_chips/cropX_20_Y_25.jpg,0.0,0.0,1.0,feature_type_3
./static/username/query/all_chips/cropX_20_Y_26.jpg,0.0,0.0,1.0,feature_type_3
./static/username/query/all_chips/cropX_20_Y_3.jpg,1.0,0.0,0.0,feature_type_1
./static/username/query/all_chips/cropX_20_Y_4.jpg,1.0,0.0,0.0,feature_type_1
./static/username/query/all_chips/cropX_20_Y_5.jpg,1.0,0.0,0.0,feature_type_1
./static/username/query/all_chips/cropX_20_Y_6.jpg,0.0,1.0,0.0,feature_type_2
./static/username/query/all_chips/cropX_20_Y_7.jpg,0.0,1.0,0.0,feature_type_2
./static/username/query/all_chips/cropX_20_Y_8.jpg,0.0,1.0,0.0,feature_type_2
./static/username/query/all_chips/cropX_20_Y_9.jpg,0.0,1.0,0.0,feature_type_2
./static/username/query/all_chips/cropX_21_Y_0.jpg,1.0,0.0,0.0,feature_type_1
./static/username/query/all_chips/cropX_21_Y_1.jpg,1.0,0.0,0.0,feature_type_1
./static/username/query/all_chips/cropX_21_Y_10.jpg,0.0,1.0,0.0,feature_type_2
./static/username/query/all_chips/cropX_21_Y_11.jpg,0.0,1.0,0.0,feature_type_2
./static/username/query/all_chips/cropX_21_Y_12.jpg,0.0,1.0,0.0,feature_type_2
./static/username/query/all_chips/cropX_21_Y_13.jpg,0.0,1.0,0.0,feature_type_2
./static/username/query/all_chips/cropX_21_Y_14.jpg,0.0,1.0,0.0,feature_type_2
./static/username/query/all_chips/cropX_21_Y_15.jpg,0.0,1.0,0.0,feature_type_2
./static/username/query/all_chips/cropX_21_Y_16.jpg,0.0,1.0,0.0,feature_type_2
./static/username/query/all_chips/cropX_21_Y_17.jpg,0.0,1.0,0.0,feature_type_2
./static/username/query/all_chips/cropX_21_Y_18.jpg,0.0,0.0,1.0,feature_type_3
./static/username/query/all_chips/cropX_21_Y_19.jpg,0.0,0.0,1.0,feature_type_3
./static/username/query/all_chips/cropX_21_Y_2.jpg,1.0,0.0,0.0,feature_type_1
./static/username/query/all_chips/cropX_21_Y_20.jpg,0.0,0.0,1.0,feature_type_3
./static/username/query/all_chips/cropX_21_Y_21.jpg,0.0,0.0,1.0,feature_type_3
./static/username/query/all_chips/cropX_21_Y_22.jpg,0.0,0.0,1.0,feature_type_3
./static/username/query/all_chips/cropX_21_Y_23.jpg,0.0,0.0,1.0,feature_type_3
./static/username/query/all_chips/cropX_21_Y_24.jpg,0.0,0.0,1.0,feature_type_3
./static/username/query/all_chips/cropX_21_Y_25.jpg,0.0,0.0,1.0,feature_type_3
./static/username/query/all_chips/cropX_21_Y_26.jpg,0.0,0.0,1.0,feature_type_3
./static/username/query/all_chips/cropX_21_Y_3.jpg,1.0,0.0,0.0,feature_type_1
./static/username/query/all_chips/cropX_21_Y_4.jpg,1.0,0.0,0.0,feature_type_1
./static/username/query/all_chips/cropX_21_Y_5.jpg,1.0,0.0,0.0,feature_type_1
./static/username/query/all_chips/cropX_21_Y_6.jpg,0.0,1.0,0.0,feature_type_2
./static/username/query/all_chips/cropX_21_Y_7.jpg,0.0,1.0,0.0,feature_type_2
./static/username/query/all_chips/cropX_21_Y_8.jpg,0.0,1.0,0.0,feature_type_2
./static/username/query/all_chips/cropX_21_Y_9.jpg,0.0,1.0,0.0,feature_type_2
./static/username/query/all_chips/cropX_22_Y_0.jpg,1.0,0.0,0.0,feature_type_1
./static/username/query/all_chips/cropX_22_Y_1.jpg,1.0,0.0,0.0,feature_type_1
./static/username/query/all_chips/cropX_22_Y_10.jpg,0.0,1.0,0.0,feature_type_2
./static/username/query/all_chips/cropX_22_Y_11.jpg,0.0,1.0,0.0,feature_type_2
./static/username/query/all_chips/cropX_22_Y_12.jpg,0.0,1.0,0.0,feature_type_2
./static/username/query/all_chips/cropX_22_Y_13.jpg,0.0,1.0,0.0,feature_type_2
./static/username/query/all_chips/cropX_22_Y_14.jpg,0.0,1.0,0.0,feature_type_2
./static/username/query/all_chips/cropX_22_Y_15.jpg,0.0,1.0,0.0,feature_type_2
./static/username/query/all_chips/cropX_22_Y_16.jpg,0.0,1.0,0.0,feature_type_2
./static/username/query/all_chips/cropX_22_Y_17.jpg,0.0,1.0,0.0,feature_type_2
./static/username/query/all_chips/cropX_22_Y_18.jpg,0.0,0.0,1.0,feature_type_3
./static/username/query/all_chips/cropX_22_Y_19.jpg,0.0,0.0,1.0,feature_type_3
./static/username/query/all_chips/cropX_22_Y_2.jpg,1.0,0.0,0.0,feature_type_1
./static/username/query/all_chips/cropX_22_Y_20.jpg,0.0,0.0,1.0,feature_type_3
./static/username/query/all_chips/cropX_22_Y_21.jpg,0.0,0.0,1.0,feature_type_3
./static/username/query/all_chips/cropX_22_Y_22.jpg,0.0,0.0,1.0,feature_type_3
./static/username/query/all_chips/cropX_22_Y_23.jpg,0.0,0.0,1.0,feature_type_3
./static/username/query/all_chips/cropX_22_Y_24.jpg,0.0,0.0,1.0,feature_type_3
./static/username/query/all_chips/cropX_22_Y_25.jpg,0.0,0.0,1.0,feature_type_3
./static/username/query/all_chips/cropX_22_Y_26.jpg,0.0,0.0,1.0,feature_type_3
./static/username/query/all_chips/cropX_22_Y_3.jpg,1.0,0.0,0.0,feature_type_1
./static/username/query/all_chips/cropX_22_Y_4.jpg,1.0,0.0,0.0,feature_type_1
./static/username/query/all_chips/cropX_22_Y_5.jpg,1.0,0.0,0.0,feature_type_1
./static/username/query/all_chips/cropX_22_Y_6.jpg,0.0,1.0,0.0,feature_type_2
./static/username/query/all_chips/cropX_22_Y_7.jpg,0.0,1.0,0.0,feature_type_2
./static/username/query/all_chips/cropX_22_Y_8.jpg,0.0,1.0,0.0,feature_type_2
./static/username/query/all_chips/cropX_22_Y_9.jpg,0.0,1.0,0.0,feature_type_2
./static/username/query/all_chips/cropX_23_Y_0.jpg,1.0,0.0,0.0,feature_type_1
./static/username/query/all_chips/cropX_23_Y_1.jpg,1.0,0.0,0.0,feature_type_1
./static/username/query/all_chips/cropX_23_Y_10.jpg,0.0,1.0,0.0,feature_type_2
./static/username/query/all_chips/cropX_23_Y_11.jpg,0.0,1.0,0.0,feature_type_2
./static/username/query/all_chips/cropX_23_Y_12.jpg,0.0,1.0,0.0,feature_type_2
./static/username/query/all_chips/cropX_23_Y_13.jpg,0.0,1.0,0.0,feature_type_2
./static/username/query/all_chips/cropX_23_Y_14.jpg,0.0,1.0,0.0,feature_type_2
./static/username/query/all_chips/cropX_23_Y_15.jpg,0.0,1.0,0.0,feature_type_2
./static/username/query/all_chips/cropX_23_Y_16.jpg,0.0,1.0,0.0,feature_type_2
./static/username/query/all_chips/cropX_23_Y_17.jpg,0.0,1.0,0.0,feature_type_2
./static/username/query/all_chips/cropX_23_Y_18.jpg,0.0,0.0,1.0,feature_type_3
./static/username/query/all_chips/cropX_23_Y_19.jpg,0.0,0.0,1.0,feature_type_3
./static/username/query/all_chips/cropX_23_Y_2.jpg,1.0,0.0,0.0,feature_type_1
./static/username/query/all_chips/cropX_23_Y_20.jpg,0.0,0.0,1.0,feature_type_3
./static/username/query/all_chips/cropX_23_Y_21.jpg,0.0,0.0,1.0,feature_type_3
./static/username/query/all_chips/cropX_23_Y_22.jpg,0.0,0.0,1.0,feature_type_3
./static/username/query/all_chips/cropX_23_Y_23.jpg,0.0,0.0,1.0,feature_type_3
./static/username/query/all_chips/cropX_23_Y_24.jpg,0.0,0.0,1.0,feature_type_3
./static/username/query/all_chips/cropX_23_Y_25.jpg,0.0,0.0,1.0,feature_type_3
./static/username/query/all_chips/cropX_23_Y_26.jpg,0.0,0.0,1.0,feature_type_3
./static/username/query/all_chips/cropX_23_Y_3.jpg,1.0,0.0,0.0,feature_type_1
./static/username/query/all_chips/cropX_23_Y_4.jpg,1.0,0.0,0.0,feature_type_1
./static/username/query/all_chips/cropX_23_Y_5.jpg,1.0,0.0,0.0,feature_type_1
./static/username/query/all_chips/cropX_23_Y_6.jpg,0.0,1.0,0.0,feature_type_2
./static/username/query/all_chips/cropX_23_Y_7.jpg,0.0,1.0,0.0,feature_type_2
./static/username/query/all_chips/cropX_23_Y_8.jpg,0.0,1.0,0.0,feature_type_2
./static/username/query/all_chips/cropX_23_Y_9.jpg,0.0,1.0,0.0,feature_type_2
./static/username/query/all_chips/cropX_24_Y_0.jpg,1.0,0.0,0.0,feature_type_1
./static/username/query/all_chips/cropX_24_Y_1.jpg,1.0,0.0,0.0,feature_type_1
./static/username/query/all_chips/cropX_24_Y_10.jpg,0.0,1.0,0.0,feature_type_2
./static/username/query/all_chips/cropX_24_Y_11.jpg,0.0,1.0,0.0,feature_type_2
./static/username/query/all_chips/cropX_24_Y_12.jpg,0.0,1.0,0.0,feature_type_2
./static/username/query/all_chips/cropX_24_Y_13.jpg,0.0,1.0,0.0,feature_type_2
./static/username/query/all_chips/cropX_24_Y_14.jpg,0.0,1.0,0.0,feature_type_2
./static/username/query/all_chips/cropX_24_Y_15.jpg,0.0,1.0,0.0,feature_type_2
./static/username/query/all_chips/cropX_24_Y_16.jpg,0.0,1.0,0.0,feature_type_2
./static/username/query/all_chips/cropX_24_Y_17.jpg,0.0,1.0,0.0,feature_type_2
./static/username/query/all_chips/cropX_24_Y_18.jpg,0.0,0.0,1.0,feature_type_3
./static/username/query/all_chips/cropX_24_Y_19.jpg,0.0,0.0,1.0,feature_type_3
./static/username/query/all_chips/cropX_24_Y_2.jpg,1.0,0.0,0.0,feature_type_1
./static/username/query/all_chips/cropX_24_Y_20.jpg,0.0,0.0,1.0,feature_type_3
./static/username/query/all_chips/cropX_24_Y_21.jpg,0.0,0.0,1.0,feature_type_3
./static/username/query/all_chips/cropX_24_Y_22.jpg,0.0,0.0,1.0,feature_type_3
./static/username/query/all_chips/cropX_24_Y_23.jpg,0.0,0.0,1.0,feature_type_3
./static/username/query/all_chips/cropX_24_Y_24.jpg,0.0,0.0,1.0,feature_type_3
./static/username/query/all_chips/cropX_24_Y_25.jpg,0.0,0.0,1.0,feature_type_3
./static/username/query/all_chips/cropX_24_Y_26.jpg,0.0,0.0,1.0,feature_type_3
./static/username/query/all_chips/cropX_24_Y_3.jpg,1.0,0.0,0.0,feature_type_1
./static/username/query/all_chips/cropX_24_Y_4.jpg,1.0,0.0,0.0,feature_type_1
./static/username/query/all_chips/cropX_24_Y_5.jpg,1.0,0.0,0.0,feature_type_1
./static/username/query/all_chips/cropX_24_Y_6.jpg,0.0,1.0,0.0,feature_type_2
./static/username/query/all_chips/cropX_24_Y_7.jpg,0.0,1.0,0.0,feature_type_2
./static/username/query/all_chips/cropX_24_Y_8.jpg,0.0,1.0,0.0,feature_type_2
./static/username/query/all_chips/cropX_24_Y_9.jpg,0.0,1.0,0.0,feature_type_2
./static/username/query/all_chips/cropX_25_Y_0.jpg,0.0,1.0,0.0,feature_type_2
./static/username/query/all_chips/cropX_25_Y_1.jpg,1.0,0.0,0.0,feature_type_1
./static/username/query/all_chips/cropX_25_Y_10.jpg,0.0,1.0,0.0,feature_type_2
./static/username/query/all_chips/cropX_25_Y_11.jpg,0.0,1.0,0.0,feature_type_2
./static/username/query/all_chips/cropX_25_Y_12.jpg,0.0,1.0,0.0,feature_type_2
./static/username/query/all_chips/cropX_25_Y_13.jpg,0.0,1.0,0.0,feature_type_2
./static/username/query/all_chips/cropX_25_Y_14.jpg,0.0,1.0,0.0,feature_type_2
./static/username/query/all_chips/cropX_25_Y_15.jpg,0.0,1.0,0.0,feature_type_2
./static/username/query/all_chips/cropX_25_Y_16.jpg,0.0,1.0,0.0,feature_type_2
./static/username/query/all_chips/cropX_25_Y_17.jpg,0.0,1.0,0.0,feature_type_2
./static/username/query/all_chips/cropX_25_Y_18.jpg,0.0,0.0,1.0,feature_type_3
./static/username/query/all_chips/cropX_25_Y_19.jpg,0.0,0.0,1.0,feature_type_3
./static/username/query/all_chips/cropX_25_Y_2.jpg,1.0,0.0,0.0,feature_type_1
./static/username/query/all_chips/cropX_25_Y_20.jpg,0.0,0.0,1.0,feature_type_3
./static/username/query/all_chips/cropX_25_Y_21.jpg,0.0,0.0,1.0,feature_type_3
./static/username/query/all_chips/cropX_25_Y_22.jpg,0.0,0.0,1.0,feature_type_3
./static/username/query/all_chips/cropX_25_Y_23.jpg,0.0,0.0,1.0,feature_type_3
./static/username/query/all_chips/cropX_25_Y_24.jpg,0.0,0.0,1.0,feature_type_3
./static/username/query/all_chips/cropX_25_Y_25.jpg,0.0,0.0,1.0,feature_type_3
./static/username/query/all_chips/cropX_25_Y_26.jpg,0.0,0.0,1.0,feature_type_3
./static/username/query/all_chips/cropX_25_Y_3.jpg,1.0,0.0,0.0,feature_type_1
./static/username/query/all_chips/cropX_25_Y_4.jpg,1.0,0.0,0.0,feature_type_1
./static/username/query/all_chips/cropX_25_Y_5.jpg,1.0,0.0,0.0,feature_type_1
./static/username/query/all_chips/cropX_25_Y_6.jpg,0.0,1.0,0.0,feature_type_2
./static/username/query/all_chips/cropX_25_Y_7.jpg,0.0,1.0,0.0,feature_type_2
./static/username/query/all_chips/cropX_25_Y_8.jpg,0.0,1.0,0.0,feature_type_2
./static/username/query/all_chips/cropX_25_Y_9.jpg,0.0,1.0,0.0,feature_type_2
./static/username/query/all_chips/cropX_26_Y_0.jpg,1.0,0.0,0.0,feature_type_1
./static/username/query/all_chips/cropX_26_Y_1.jpg,1.0,0.0,0.0,feature_type_1
./static/username/query/all_chips/cropX_26_Y_10.jpg,0.0,1.0,0.0,feature_type_2
./static/username/query/all_chips/cropX_26_Y_11.jpg,0.0,1.0,0.0,feature_type_2
./static/username/query/all_chips/cropX_26_Y_12.jpg,0.0,1.0,0.0,feature_type_2
./static/username/query/all_chips/cropX_26_Y_13.jpg,0.0,1.0,0.0,feature_type_2
./static/username/query/all_chips/cropX_26_Y_14.jpg,0.0,1.0,0.0,feature_type_2
./static/username/query/all_chips/cropX_26_Y_15.jpg,0.0,1.0,0.0,feature_type_2
./static/username/query/all_chips/cropX_26_Y_16.jpg,0.0,1.0,0.0,feature_type_2
./static/username/query/all_chips/cropX_26_Y_17.jpg,0.0,1.0,0.0,feature_type_2
./static/username/query/all_chips/cropX_26_Y_18.jpg,0.0,0.0,1.0,feature_type_3
./static/username/query/all_chips/cropX_26_Y_19.jpg,0.0,0.0,1.0,feature_type_3
./static/username/query/all_chips/cropX_26_Y_2.jpg,1.0,0.0,0.0,feature_type_1
./static/username/query/all_chips/cropX_26_Y_20.jpg,0.0,0.0,1.0,feature_type_3
./static/username/query/all_chips/cropX_26_Y_21.jpg,0.0,0.0,1.0,feature_type_3
./static/username/query/all_chips/cropX_26_Y_22.jpg,0.0,0.0,1.0,feature_type_3
./static/username/query/all_chips/cropX_26_Y_23.jpg,0.0,0.0,1.0,feature_type_3
./static/username/query/all_chips/cropX_26_Y_24.jpg,0.0,0.0,1.0,feature_type_3
./static/username/query/all_chips/cropX_26_Y_25.jpg,0.0,0.0,1.0,feature_type_3
./static/username/query/all_chips/cropX_26_Y_26.jpg,0.0,0.0,1.0,feature_type_3
./static/username/query/all_chips/cropX_26_Y_3.jpg,1.0,0.0,0.0,feature_type_1
./static/username/query/all_chips/cropX_26_Y_4.jpg,1.0,0.0,0.0,feature_type_1
./static/username/query/all_chips/cropX_26_Y_5.jpg,1.0,0.0,0.0,feature_type_1
./static/username/query/all_chips/cropX_26_Y_6.jpg,0.0,1.0,0.0,feature_type_2
./static/username/query/all_chips/cropX_26_Y_7.jpg,0.0,1.0,0.0,feature_type_2
./static/username/query/all_chips/cropX_26_Y_8.jpg,0.0,1.0,0.0,feature_type_2
./static/username/query/all_chips/cropX_26_Y_9.jpg,0.0,1.0,0.0,feature_type_2
./static/username/query/all_chips/cropX_2_Y_0.jpg,1.0,0.0,0.0,feature_type_1
./static/username/query/all_chips/cropX_2_Y_1.jpg,1.0,0.0,0.0,feature_type_1
./static/username/query/all_chips/cropX_2_Y_10.jpg,0.0,1.0,0.0,feature_type_2
./static/username/query/all_chips/cropX_2_Y_11.jpg,0.0,1.0,0.0,feature_type_2
./static/username/query/all_chips/cropX_2_Y_12.jpg,0.0,1.0,0.0,feature_type_2
./static/username/query/all_chips/cropX_2_Y_13.jpg,0.0,1.0,0.0,feature_type_2
./static/username/query/all_chips/cropX_2_Y_14.jpg,0.0,1.0,0.0,feature_type_2
./static/username/query/all_chips/cropX_2_Y_15.jpg,0.0,1.0,0.0,feature_type_2
./static/username/query/all_chips/cropX_2_Y_16.jpg,0.0,1.0,0.0,feature_type_2
./static/username/query/all_chips/cropX_2_Y_17.jpg,0.0,1.0,0.0,feature_type_2
./static/username/query/all_chips/cropX_2_Y_18.jpg,0.0,0.0,1.0,feature_type_3
./static/username/query/all_chips/cropX_2_Y_19.jpg,0.0,0.0,1.0,feature_type_3
./static/username/query/all_chips/cropX_2_Y_2.jpg,1.0,0.0,0.0,feature_type_1
./static/username/query/all_chips/cropX_2_Y_20.jpg,0.0,0.0,1.0,feature_type_3
./static/username/query/all_chips/cropX_2_Y_21.jpg,0.0,0.0,1.0,feature_type_3
./static/username/query/all_chips/cropX_2_Y_22.jpg,0.0,0.0,1.0,feature_type_3
./static/username/query/all_chips/cropX_2_Y_23.jpg,0.0,0.0,1.0,feature_type_3
./static/username/query/all_chips/cropX_2_Y_24.jpg,0.0,0.0,1.0,feature_type_3
./static/username/query/all_chips/cropX_2_Y_25.jpg,0.0,0.0,1.0,feature_type_3
./static/username/query/all_chips/cropX_2_Y_26.jpg,0.0,0.0,1.0,feature_type_3
./static/username/query/all_chips/cropX_2_Y_3.jpg,1.0,0.0,0.0,feature_type_1
./static/username/query/all_chips/cropX_2_Y_4.jpg,1.0,0.0,0.0,feature_type_1
./static/username/query/all_chips/cropX_2_Y_5.jpg,1.0,0.0,0.0,feature_type_1
./static/username/query/all_chips/cropX_2_Y_6.jpg,0.0,1.0,0.0,feature_type_2
./static/username/query/all_chips/cropX_2_Y_7.jpg,0.0,1.0,0.0,feature_type_2
./static/username/query/all_chips/cropX_2_Y_8.jpg,0.0,1.0,0.0,feature_type_2
./static/username/query/all_chips/cropX_2_Y_9.jpg,0.0,1.0,0.0,feature_type_2
./static/username/query/all_chips/cropX_3_Y_0.jpg,1.0,0.0,0.0,feature_type_1
./static/username/query/all_chips/cropX_3_Y_1.jpg,1.0,0.0,0.0,feature_type_1
./static/username/query/all_chips/cropX_3_Y_10.jpg,0.0,1.0,0.0,feature_type_2
./static/username/query/all_chips/cropX_3_Y_11.jpg,0.0,1.0,0.0,feature_type_2
./static/username/query/all_chips/cropX_3_Y_12.jpg,0.0,1.0,0.0,feature_type_2
./static/username/query/all_chips/cropX_3_Y_13.jpg,0.0,1.0,0.0,feature_type_2
./static/username/query/all_chips/cropX_3_Y_14.jpg,0.0,1.0,0.0,feature_type_2
./static/username/query/all_chips/cropX_3_Y_15.jpg,0.0,1.0,0.0,feature_type_2
./static/username/query/all_chips/cropX_3_Y_16.jpg,0.0,1.0,0.0,feature_type_2
./static/username/query/all_chips/cropX_3_Y_17.jpg,0.0,1.0,0.0,feature_type_2
./static/username/query/all_chips/cropX_3_Y_18.jpg,0.0,0.0,1.0,feature_type_3
./static/username/query/all_chips/cropX_3_Y_19.jpg,0.0,0.0,1.0,feature_type_3
./static/username/query/all_chips/cropX_3_Y_2.jpg,1.0,0.0,0.0,feature_type_1
./static/username/query/all_chips/cropX_3_Y_20.jpg,0.0,0.0,1.0,feature_type_3
./static/username/query/all_chips/cropX_3_Y_21.jpg,0.0,0.0,1.0,feature_type_3
./static/username/query/all_chips/cropX_3_Y_22.jpg,0.0,0.0,1.0,feature_type_3
./static/username/query/all_chips/cropX_3_Y_23.jpg,0.0,0.0,1.0,feature_type_3
./static/username/query/all_chips/cropX_3_Y_24.jpg,0.0,0.0,1.0,feature_type_3
./static/username/query/all_chips/cropX_3_Y_25.jpg,0.0,0.0,1.0,feature_type_3
./static/username/query/all_chips/cropX_3_Y_26.jpg,0.0,0.0,1.0,feature_type_3
./static/username/query/all_chips/cropX_3_Y_3.jpg,1.0,0.0,0.0,feature_type_1
./static/username/query/all_chips/cropX_3_Y_4.jpg,1.0,0.0,0.0,feature_type_1
./static/username/query/all_chips/cropX_3_Y_5.jpg,1.0,0.0,0.0,feature_type_1
./static/username/query/all_chips/cropX_3_Y_6.jpg,0.0,1.0,0.0,feature_type_2
./static/username/query/all_chips/cropX_3_Y_7.jpg,0.0,1.0,0.0,feature_type_2
./static/username/query/all_chips/cropX_3_Y_8.jpg,0.0,1.0,0.0,feature_type_2
./static/username/query/all_chips/cropX_3_Y_9.jpg,0.0,1.0,0.0,feature_type_2
./static/username/query/all_chips/cropX_4_Y_0.jpg,1.0,0.0,0.0,feature_type_1
./static/username/query/all_chips/cropX_4_Y_1.jpg,1.0,0.0,0.0,feature_type_1
./static/username/query/all_chips/cropX_4_Y_10.jpg,0.0,1.0,0.0,feature_type_2
./static/username/query/all_chips/cropX_4_Y_11.jpg,0.0,1.0,0.0,feature_type_2
./static/username/query/all_chips/cropX_4_Y_12.jpg,0.0,1.0,0.0,feature_type_2
./static/username/query/all_chips/cropX_4_Y_13.jpg,0.0,1.0,0.0,feature_type_2
./static/username/query/all_chips/cropX_4_Y_14.jpg,0.0,1.0,0.0,feature_type_2
./static/username/query/all_chips/cropX_4_Y_15.jpg,0.0,1.0,0.0,feature_type_2
./static/username/query/all_chips/cropX_4_Y_16.jpg,0.0,1.0,0.0,feature_type_2
./static/username/query/all_chips/cropX_4_Y_17.jpg,0.0,1.0,0.0,feature_type_2
./static/username/query/all_chips/cropX_4_Y_18.jpg,0.0,0.0,1.0,feature_type_3
./static/username/query/all_chips/cropX_4_Y_19.jpg,0.0,0.0,1.0,feature_type_3
./static/username/query/all_chips/cropX_4_Y_2.jpg,1.0,0.0,0.0,feature_type_1
./static/username/query/all_chips/cropX_4_Y_20.jpg,0.0,0.0,1.0,feature_type_3
./static/username/query/all_chips/cropX_4_Y_21.jpg,0.0,0.0,1.0,feature_type_3
./static/username/query/all_chips/cropX_4_Y_22.jpg,0.0,0.0,1.0,feature_type_3
./static/username/query/all_chips/cropX_4_Y_23.jpg,0.0,0.0,1.0,feature_type_3
./static/username/query/all_chips/cropX_4_Y_24.jpg,0.0,0.0,1.0,feature_type_3
./static/username/query/all_chips/cropX_4_Y_25.jpg,0.0,0.0,1.0,feature_type_3
./static/username/query/all_chips/cropX_4_Y_26.jpg,0.0,0.0,1.0,feature_type_3
./static/username/query/all_chips/cropX_4_Y_3.jpg,1.0,0.0,0.0,feature_type_1
./static/username/query/all_chips/cropX_4_Y_4.jpg,1.0,0.0,0.0,feature_type_1
./static/username/query/all_chips/cropX_4_Y_5.jpg,1.0,0.0,0.0,feature_type_1
./static/username/query/all_chips/cropX_4_Y_6.jpg,0.0,1.0,0.0,feature_type_2
./static/username/query/all_chips/cropX_4_Y_7.jpg,0.0,1.0,0.0,feature_type_2
./static/username/query/all_chips/cropX_4_Y_8.jpg,0.0,1.0,0.0,feature_type_2
./static/username/query/all_chips/cropX_4_Y_9.jpg,0.0,1.0,0.0,feature_type_2
./static/username/query/all_chips/cropX_5_Y_0.jpg,1.0,0.0,0.0,feature_type_1
./static/username/query/all_chips/cropX_5_Y_1.jpg,1.0,0.0,0.0,feature_type_1
./static/username/query/all_chips/cropX_5_Y_10.jpg,0.0,1.0,0.0,feature_type_2
./static/username/query/all_chips/cropX_5_Y_11.jpg,0.0,1.0,0.0,feature_type_2
./static/username/query/all_chips/cropX_5_Y_12.jpg,0.0,1.0,0.0,feature_type_2
./static/username/query/all_chips/cropX_5_Y_13.jpg,0.0,1.0,0.0,feature_type_2
./static/username/query/all_chips/cropX_5_Y_14.jpg,0.0,1.0,0.0,feature_type_2
./static/username/query/all_chips/cropX_5_Y_15.jpg,0.0,0.0,1.0,feature_type_3
./static/username/query/all_chips/cropX_5_Y_16.jpg,0.0,1.0,0.0,feature_type_2
./static/username/query/all_chips/cropX_5_Y_17.jpg,0.0,1.0,0.0,feature_type_2
./static/username/query/all_chips/cropX_5_Y_18.jpg,0.0,0.0,1.0,feature_type_3
./static/username/query/all_chips/cropX_5_Y_19.jpg,0.0,0.0,1.0,feature_type_3
./static/username/query/all_chips/cropX_5_Y_2.jpg,1.0,0.0,0.0,feature_type_1
./static/username/query/all_chips/cropX_5_Y_20.jpg,0.0,0.0,1.0,feature_type_3
./static/username/query/all_chips/cropX_5_Y_21.jpg,0.0,0.0,1.0,feature_type_3
./static/username/query/all_chips/cropX_5_Y_22.jpg,0.0,0.0,1.0,feature_type_3
./static/username/query/all_chips/cropX_5_Y_23.jpg,0.0,0.0,1.0,feature_type_3
./static/username/query/all_chips/cropX_5_Y_24.jpg,0.0,0.0,1.0,feature_type_3
./static/username/query/all_chips/cropX_5_Y_25.jpg,0.0,0.0,1.0,feature_type_3
./static/username/query/all_chips/cropX_5_Y_26.jpg,0.0,0.0,1.0,feature_type_3
./static/username/query/all_chips/cropX_5_Y_3.jpg,1.0,0.0,0.0,feature_type_1
./static/username/query/all_chips/cropX_5_Y_4.jpg,1.0,0.0,0.0,feature_type_1
./static/username/query/all_chips/cropX_5_Y_5.jpg,1.0,0.0,0.0,feature_type_1
./static/username/query/all_chips/cropX_5_Y_6.jpg,0.0,1.0,0.0,feature_type_2
./static/username/query/all_chips/cropX_5_Y_7.jpg,0.0,1.0,0.0,feature_type_2
./static/username/query/all_chips/cropX_5_Y_8.jpg,0.0,1.0,0.0,feature_type_2
./static/username/query/all_chips/cropX_5_Y_9.jpg,0.0,1.0,0.0,feature_type_2
./static/username/query/all_chips/cropX_6_Y_0.jpg,1.0,0.0,0.0,feature_type_1
./static/username/query/all_chips/cropX_6_Y_1.jpg,1.0,0.0,0.0,feature_type_1
./static/username/query/all_chips/cropX_6_Y_10.jpg,0.0,1.0,0.0,feature_type_2
./static/username/query/all_chips/cropX_6_Y_11.jpg,0.0,1.0,0.0,feature_type_2
./static/username/query/all_chips/cropX_6_Y_12.jpg,0.0,1.0,0.0,feature_type_2
./static/username/query/all_chips/cropX_6_Y_13.jpg,0.0,1.0,0.0,feature_type_2
./static/username/query/all_chips/cropX_6_Y_14.jpg,0.0,1.0,0.0,feature_type_2
./static/username/query/all_chips/cropX_6_Y_15.jpg,0.0,1.0,0.0,feature_type_2
./static/username/query/all_chips/cropX_6_Y_16.jpg,0.0,1.0,0.0,feature_type_2
./static/username/query/all_chips/cropX_6_Y_17.jpg,0.0,1.0,0.0,feature_type_2
./static/username/query/all_chips/cropX_6_Y_18.jpg,0.0,0.0,1.0,feature_type_3
./static/username/query/all_chips/cropX_6_Y_19.jpg,0.0,0.0,1.0,feature_type_3
./static/username/query/all_chips/cropX_6_Y_2.jpg,1.0,0.0,0.0,feature_type_1
./static/username/query/all_chips/cropX_6_Y_20.jpg,0.0,0.0,1.0,feature_type_3
./static/username/query/all_chips/cropX_6_Y_21.jpg,0.0,0.0,1.0,feature_type_3
./static/username/query/all_chips/cropX_6_Y_22.jpg,0.0,0.0,1.0,feature_type_3
./static/username/query/all_chips/cropX_6_Y_23.jpg,0.0,0.0,1.0,feature_type_3
./static/username/query/all_chips/cropX_6_Y_24.jpg,0.0,0.0,1.0,feature_type_3
./static/username/query/all_chips/cropX_6_Y_25.jpg,0.0,0.0,1.0,feature_type_3
./static/username/query/all_chips/cropX_6_Y_26.jpg,0.0,0.0,1.0,feature_type_3
./static/username/query/all_chips/cropX_6_Y_3.jpg,1.0,0.0,0.0,feature_type_1
./static/username/query/all_chips/cropX_6_Y_4.jpg,1.0,0.0,0.0,feature_type_1
./static/username/query/all_chips/cropX_6_Y_5.jpg,1.0,0.0,0.0,feature_type_1
./static/username/query/all_chips/cropX_6_Y_6.jpg,0.0,1.0,0.0,feature_type_2
./static/username/query/all_chips/cropX_6_Y_7.jpg,0.0,1.0,0.0,feature_type_2
./static/username/query/all_chips/cropX_6_Y_8.jpg,0.0,1.0,0.0,feature_type_2
./static/username/query/all_chips/cropX_6_Y_9.jpg,0.0,1.0,0.0,feature_type_2
./static/username/query/all_chips/cropX_7_Y_0.jpg,1.0,0.0,0.0,feature_type_1
./static/username/query/all_chips/cropX_7_Y_1.jpg,1.0,0.0,0.0,feature_type_1
./static/username/query/all_chips/cropX_7_Y_10.jpg,0.0,1.0,0.0,feature_type_2
./static/username/query/all_chips/cropX_7_Y_11.jpg,0.0,1.0,0.0,feature_type_2
./static/username/query/all_chips/cropX_7_Y_12.jpg,0.0,1.0,0.0,feature_type_2
./static/username/query/all_chips/cropX_7_Y_13.jpg,0.0,1.0,0.0,feature_type_2
./static/username/query/all_chips/cropX_7_Y_14.jpg,0.0,0.0,1.0,feature_type_3
./static/username/query/all_chips/cropX_7_Y_15.jpg,0.0,1.0,0.0,feature_type_2
./static/username/query/all_chips/cropX_7_Y_16.jpg,0.0,1.0,0.0,feature_type_2
./static/username/query/all_chips/cropX_7_Y_17.jpg,0.0,1.0,0.0,feature_type_2
./static/username/query/all_chips/cropX_7_Y_18.jpg,0.0,0.0,1.0,feature_type_3
./static/username/query/all_chips/cropX_7_Y_19.jpg,0.0,0.0,1.0,feature_type_3
./static/username/query/all_chips/cropX_7_Y_2.jpg,1.0,0.0,0.0,feature_type_1
./static/username/query/all_chips/cropX_7_Y_20.jpg,0.0,0.0,1.0,feature_type_3
./static/username/query/all_chips/cropX_7_Y_21.jpg,0.0,0.0,1.0,feature_type_3
./static/username/query/all_chips/cropX_7_Y_22.jpg,0.0,0.0,1.0,feature_type_3
./static/username/query/all_chips/cropX_7_Y_23.jpg,0.0,0.0,1.0,feature_type_3
./static/username/query/all_chips/cropX_7_Y_24.jpg,0.0,0.0,1.0,feature_type_3
./static/username/query/all_chips/cropX_7_Y_25.jpg,0.0,0.0,1.0,feature_type_3
./static/username/query/all_chips/cropX_7_Y_26.jpg,0.0,0.0,1.0,feature_type_3
./static/username/query/all_chips/cropX_7_Y_3.jpg,1.0,0.0,0.0,feature_type_1
./static/username/query/all_chips/cropX_7_Y_4.jpg,1.0,0.0,0.0,feature_type_1
./static/username/query/all_chips/cropX_7_Y_5.jpg,1.0,0.0,0.0,feature_type_1
./static/username/query/all_chips/cropX_7_Y_6.jpg,0.0,1.0,0.0,feature_type_2
./static/username/query/all_chips/cropX_7_Y_7.jpg,0.0,1.0,0.0,feature_type_2
./static/username/query/all_chips/cropX_7_Y_8.jpg,0.0,1.0,0.0,feature_type_2
./static/username/query/all_chips/cropX_7_Y_9.jpg,0.0,1.0,0.0,feature_type_2
./static/username/query/all_chips/cropX_8_Y_0.jpg,1.0,0.0,0.0,feature_type_1
./static/username/query/all_chips/cropX_8_Y_1.jpg,1.0,0.0,0.0,feature_type_1
./static/username/query/all_chips/cropX_8_Y_10.jpg,0.0,1.0,0.0,feature_type_2
./static/username/query/all_chips/cropX_8_Y_11.jpg,0.0,1.0,0.0,feature_type_2
./static/username/query/all_chips/cropX_8_Y_12.jpg,0.0,1.0,0.0,feature_type_2
./static/username/query/all_chips/cropX_8_Y_13.jpg,0.0,1.0,0.0,feature_type_2
./static/username/query/all_chips/cropX_8_Y_14.jpg,0.0,1.0,0.0,feature_type_2
./static/username/query/all_chips/cropX_8_Y_15.jpg,0.0,1.0,0.0,feature_type_2
./static/username/query/all_chips/cropX_8_Y_16.jpg,0.0,1.0,0.0,feature_type_2
./static/username/query/all_chips/cropX_8_Y_17.jpg,0.0,1.0,0.0,feature_type_2
./static/username/query/all_chips/cropX_8_Y_18.jpg,0.0,0.0,1.0,feature_type_3
./static/username/query/all_chips/cropX_8_Y_19.jpg,0.0,0.0,1.0,feature_type_3
./static/username/query/all_chips/cropX_8_Y_2.jpg,1.0,0.0,0.0,feature_type_1
./static/username/query/all_chips/cropX_8_Y_20.jpg,0.0,0.0,1.0,feature_type_3
./static/username/query/all_chips/cropX_8_Y_21.jpg,0.0,0.0,1.0,feature_type_3
./static/username/query/all_chips/cropX_8_Y_22.jpg,0.0,0.0,1.0,feature_type_3
./static/username/query/all_chips/cropX_8_Y_23.jpg,0.0,0.0,1.0,feature_type_3
./static/username/query/all_chips/cropX_8_Y_24.jpg,0.0,0.0,1.0,feature_type_3
./static/username/query/all_chips/cropX_8_Y_25.jpg,0.0,0.0,1.0,feature_type_3
./static/username/query/all_chips/cropX_8_Y_26.jpg,0.0,0.0,1.0,feature_type_3
./static/username/query/all_chips/cropX_8_Y_3.jpg,1.0,0.0,0.0,feature_type_1
./static/username/query/all_chips/cropX_8_Y_4.jpg,1.0,0.0,0.0,feature_type_1
./static/username/query/all_chips/cropX_8_Y_5.jpg,1.0,0.0,0.0,feature_type_1
./static/username/query/all_chips/cropX_8_Y_6.jpg,0.0,1.0,0.0,feature_type_2
./static/username/query/all_chips/cropX_8_Y_7.jpg,0.0,1.0,0.0,feature_type_2
./static/username/query/all_chips/cropX_8_Y_8.jpg,0.0,1.0,0.0,feature_type_2
./static/username/query/all_chips/cropX_8_Y_9.jpg,0.0,1.0,0.0,feature_type_2
./static/username/query/all_chips/cropX_9_Y_0.jpg,1.0,0.0,0.0,feature_type_1
./static/username/query/all_chips/cropX_9_Y_1.jpg,1.0,0.0,0.0,feature_type_1
./static/username/query/all_chips/cropX_9_Y_10.jpg,0.0,1.0,0.0,feature_type_2
./static/username/query/all_chips/cropX_9_Y_11.jpg,0.0,1.0,0.0,feature_type_2
./static/username/query/all_chips/cropX_9_Y_12.jpg,0.0,1.0,0.0,feature_type_2
./static/username/query/all_chips/cropX_9_Y_13.jpg,0.0,1.0,0.0,feature_type_2
./static/username/query/all_chips/cropX_9_Y_14.jpg,0.0,1.0,0.0,feature_type_2
./static/username/query/all_chips/cropX_9_Y_15.jpg,0.0,0.0,1.0,feature_type_3
./static/username/query/all_chips/cropX_9_Y_16.jpg,0.0,1.0,0.0,feature_type_2
./static/username/query/all_chips/cropX_9_Y_17.jpg,0.0,1.0,0.0,feature_type_2
./static/username/query/all_chips/cropX_9_Y_18.jpg,0.0,0.0,1.0,feature_type_3
./static/username/query/all_chips/cropX_9_Y_19.jpg,0.0,0.0,1.0,feature_type_3
./static/username/query/all_chips/cropX_9_Y_2.jpg,1.0,0.0,0.0,feature_type_1
./static/username/query/all_chips/cropX_9_Y_20.jpg,0.0,0.0,1.0,feature_type_3
./static/username/query/all_chips/cropX_9_Y_21.jpg,0.0,0.0,1.0,feature_type_3
./static/username/query/all_chips/cropX_9_Y_22.jpg,0.0,0.0,1.0,feature_type_3
./static/username/query/all_chips/cropX_9_Y_23.jpg,0.0,0.0,1.0,feature_type_3
./static/username/query/all_chips/cropX_9_Y_24.jpg,0.0,0.0,1.0,feature_type_3
./static/username/query/all_chips/cropX_9_Y_25.jpg,0.0,0.0,1.0,feature_type_3
./static/username/query/all_chips/cropX_9_Y_26.jpg,0.0,0.0,1.0,feature_type_3
./static/username/query/all_chips/cropX_9_Y_3.jpg,1.0,0.0,0.0,feature_type_1
./static/username/query/all_chips/cropX_9_Y_4.jpg,1.0,0.0,0.0,feature_type_1
./static/username/query/all_chips/cropX_9_Y_5.jpg,1.0,0.0,0.0,feature_type_1
./static/username/query/all_chips/cropX_9_Y_6.jpg,0.0,1.0,0.0,feature_type_2
./static/username/query/all_chips/cropX_9_Y_7.jpg,0.0,1.0,0.0,feature_type_2
./static/username/query/all_chips/cropX_9_Y_8.jpg,0.0,1.0,0.0,feature_type_2
./static/username/query/all_chips/cropX_9_Y_9.jpg,0.0,1.0,0.0,feature_type_2
